,mgCST
323884_MG,mgCST 10
323886_MG,mgCST 22
323887_MG,mgCST 5
323888_MG,mgCST 24
323890_MG,mgCST 22
323891_MG,mgCST 10
323892_MG,mgCST 22
323893_MG,mgCST 20
323894_MG,mgCST 20
323896_MG,mgCST 19
323897_MG,mgCST 22
323898_MG,mgCST 20
323900_MG,mgCST 26
342278_MG,mgCST 24
342282_MG,mgCST 3
342290_MG,mgCST 22
342291_MG,mgCST 2
342294_MG,mgCST 1
342295_MG,mgCST 10
342298_MG,mgCST 18
342300_MG,mgCST 22
342302_MG,mgCST 20
342305_MG,mgCST 5
342306_MG,mgCST 23
342310_MG,mgCST 19
342312_MG,mgCST 10
342315_MG,mgCST 17
342317_MG,mgCST 12
342324_MG,mgCST 3
342326_MG,mgCST 23
342328_MG,mgCST 22
342330_MG,mgCST 19
342333_MG,mgCST 24
342334_MG,mgCST 24
342341_MG,mgCST 17
342343_MG,mgCST 22
342345_MG,mgCST 19
342350_MG,mgCST 12
342351_MG,mgCST 20
342355_MG,mgCST 20
342359_MG,mgCST 16
342363_MG,mgCST 10
342367_MG,mgCST 22
342368_MG,mgCST 20
342377_MG,mgCST 23
342381_MG,mgCST 13
342385_MG,mgCST 23
342386_MG,mgCST 20
342387_MG,mgCST 12
342391_MG,mgCST 23
342395_MG,mgCST 17
342396_MG,mgCST 22
342404_MG,mgCST 22
342408_MG,mgCST 8
342414_MG,mgCST 3
342416_MG,mgCST 20
342419_MG,mgCST 23
342420_MG,mgCST 25
342424_MG,mgCST 12
342427_MG,mgCST 12
342429_MG,mgCST 18
342433_MG,mgCST 3
342434_MG,mgCST 23
342438_MG,mgCST 17
342449_MG,mgCST 11
342450_MG,mgCST 22
342461_MG,mgCST 22
342464_MG,mgCST 12
342466_MG,mgCST 24
342469_MG,mgCST 25
342470_MG,mgCST 17
342474_MG,mgCST 11
342476_MG,mgCST 23
342480_MG,mgCST 20
342482_MG,mgCST 11
342484_MG,mgCST 20
342487_MG,mgCST 5
342489_MG,mgCST 20
342491_MG,mgCST 17
342495_MG,mgCST 19
342496_MG,mgCST 22
342498_MG,mgCST 23
342501_MG,mgCST 24
342502_MG,mgCST 17
342504_MG,mgCST 10
342506_MG,mgCST 23
342509_MG,mgCST 17
342511_MG,mgCST 5
342514_MG,mgCST 12
342520_MG,mgCST 5
342521_MG,mgCST 24
342522_MG,mgCST 1
342526_MG,mgCST 22
342528_MG,mgCST 17
342533_MG,mgCST 22
342536_MG,mgCST 22
342538_MG,mgCST 19
342546_MG,mgCST 23
342548_MG,mgCST 19
342551_MG,mgCST 22
342552_MG,mgCST 25
342556_MG,mgCST 10
342560_MG,mgCST 20
342561_MG,mgCST 23
342564_MG,mgCST 20
342566_MG,mgCST 17
342567_MG,mgCST 10
342571_MG,mgCST 20
342574_MG,mgCST 25
342587_MG,mgCST 17
342591_MG,mgCST 3
342592_MG,mgCST 18
342594_MG,mgCST 24
342600_MG,mgCST 24
342602_MG,mgCST 11
342606_MG,mgCST 12
342609_MG,mgCST 22
342610_MG,mgCST 19
342619_MG,mgCST 27
342621_MG,mgCST 20
342627_MG,mgCST 18
342630_MG,mgCST 12
342632_MG,mgCST 12
342636_MG,mgCST 18
342637_MG,mgCST 12
342639_MG,mgCST 12
342642_MG,mgCST 25
342646_MG,mgCST 20
342647_MG,mgCST 24
342649_MG,mgCST 17
342652_MG,mgCST 17
342655_MG,mgCST 24
342657_MG,mgCST 10
342660_MG,mgCST 11
342662_MG,mgCST 5
342663_MG,mgCST 10
342666_MG,mgCST 18
342668_MG,mgCST 20
342671_MG,mgCST 11
342674_MG,mgCST 20
342681_MG,mgCST 16
342682_MG,mgCST 6
342689_MG,mgCST 11
342693_MG,mgCST 20
342694_MG,mgCST 12
342697_MG,mgCST 23
342699_MG,mgCST 23
342703_MG,mgCST 16
342704_MG,mgCST 16
342707_MG,mgCST 7
342709_MG,mgCST 20
342711_MG,mgCST 10
342714_MG,mgCST 8
342717_MG,mgCST 17
342718_MG,mgCST 17
342722_MG,mgCST 17
342724_MG,mgCST 23
342727_MG,mgCST 15
342730_MG,mgCST 1
342737_MG,mgCST 19
342738_MG,mgCST 12
342742_MG,mgCST 10
342746_MG,mgCST 15
342747_MG,mgCST 17
342751_MG,mgCST 20
342752_MG,mgCST 22
342756_MG,mgCST 11
342757_MG,mgCST 17
342758_MG,mgCST 11
342762_MG,mgCST 19
342764_MG,mgCST 11
342767_MG,mgCST 17
342769_MG,mgCST 24
342772_MG,mgCST 12
342774_MG,mgCST 20
342777_MG,mgCST 25
342781_MG,mgCST 5
342784_MG,mgCST 6
342785_MG,mgCST 10
342789_MG,mgCST 10
342790_MG,mgCST 17
342794_MG,mgCST 18
342800_MG,mgCST 23
342802_MG,mgCST 12
342807_MG,mgCST 12
342810_MG,mgCST 18
342813_MG,mgCST 12
342815_MG,mgCST 20
342816_MG,mgCST 12
342820_MG,mgCST 20
342821_MG,mgCST 22
342825_MG,mgCST 17
342826_MG,mgCST 17
342830_MG,mgCST 11
342834_MG,mgCST 20
342835_MG,mgCST 20
342839_MG,mgCST 24
342840_MG,mgCST 24
342843_MG,mgCST 22
342844_MG,mgCST 17
342848_MG,mgCST 24
342850_MG,mgCST 5
342858_MG,mgCST 25
342860_MG,mgCST 20
342863_MG,mgCST 20
342864_MG,mgCST 12
342868_MG,mgCST 17
342872_MG,mgCST 23
342873_MG,mgCST 24
342875_MG,mgCST 20
342880_MG,mgCST 1
342881_MG,mgCST 10
342884_MG,mgCST 17
342886_MG,mgCST 23
342887_MG,mgCST 23
342891_MG,mgCST 20
342895_MG,mgCST 22
342896_MG,mgCST 20
342898_MG,mgCST 22
342901_MG,mgCST 17
342902_MG,mgCST 17
342906_MG,mgCST 24
342909_MG,mgCST 12
342911_MG,mgCST 20
342913_MG,mgCST 17
342916_MG,mgCST 10
342919_MG,mgCST 12
342920_MG,mgCST 20
342922_MG,mgCST 23
342925_MG,mgCST 24
342926_MG,mgCST 12
342930_MG,mgCST 25
342931_MG,mgCST 12
342933_MG,mgCST 24
342934_MG,mgCST 20
342938_MG,mgCST 20
342941_MG,mgCST 17
342942_MG,mgCST 20
342943_MG,mgCST 22
342947_MG,mgCST 13
342948_MG,mgCST 24
342955_MG,mgCST 24
342958_MG,mgCST 17
342960_MG,mgCST 27
342964_MG,mgCST 17
342969_MG,mgCST 12
342972_MG,mgCST 23
342978_MG,mgCST 12
342982_MG,mgCST 20
342986_MG,mgCST 12
342987_MG,mgCST 20
342991_MG,mgCST 5
342994_MG,mgCST 27
342997_MG,mgCST 20
343000_MG,mgCST 19
343002_MG,mgCST 23
343003_MG,mgCST 17
343007_MG,mgCST 20
343010_MG,mgCST 1
343018_MG,mgCST 20
343019_MG,mgCST 10
343021_MG,mgCST 17
343024_MG,mgCST 22
343028_MG,mgCST 22
343029_MG,mgCST 5
343033_MG,mgCST 20
343034_MG,mgCST 25
343038_MG,mgCST 23
343042_MG,mgCST 12
343043_MG,mgCST 3
343046_MG,mgCST 11
343048_MG,mgCST 11
343049_MG,mgCST 25
343053_MG,mgCST 11
343057_MG,mgCST 18
343058_MG,mgCST 26
343060_MG,mgCST 19
343063_MG,mgCST 11
343067_MG,mgCST 12
343068_MG,mgCST 22
343071_MG,mgCST 24
343075_MG,mgCST 16
343076_MG,mgCST 20
343078_MG,mgCST 6
343081_MG,mgCST 22
343083_MG,mgCST 20
343086_MG,mgCST 22
343089_MG,mgCST 20
343094_MG,mgCST 20
343098_MG,mgCST 1
343099_MG,mgCST 16
343101_MG,mgCST 12
343104_MG,mgCST 24
343107_MG,mgCST 3
343109_MG,mgCST 23
343111_MG,mgCST 15
343114_MG,mgCST 20
343117_MG,mgCST 24
343119_MG,mgCST 25
343123_MG,mgCST 1
343124_MG,mgCST 17
343128_MG,mgCST 17
343129_MG,mgCST 24
343131_MG,mgCST 20
343134_MG,mgCST 17
343138_MG,mgCST 24
343139_MG,mgCST 17
343140_MG,mgCST 10
343145_MG,mgCST 20
343147_MG,mgCST 17
343150_MG,mgCST 22
343153_MG,mgCST 22
343155_MG,mgCST 1
343156_MG,mgCST 17
343160_MG,mgCST 17
343163_MG,mgCST 20
343165_MG,mgCST 23
343167_MG,mgCST 19
343173_MG,mgCST 12
343177_MG,mgCST 24
343178_MG,mgCST 12
343180_MG,mgCST 20
343183_MG,mgCST 18
343185_MG,mgCST 23
343188_MG,mgCST 20
343192_MG,mgCST 23
343193_MG,mgCST 24
343195_MG,mgCST 12
343198_MG,mgCST 20
343200_MG,mgCST 22
343203_MG,mgCST 5
343205_MG,mgCST 22
343208_MG,mgCST 12
343209_MG,mgCST 3
343213_MG,mgCST 24
343215_MG,mgCST 12
343218_MG,mgCST 22
343222_MG,mgCST 10
343223_MG,mgCST 22
343225_MG,mgCST 18
343233_MG,mgCST 3
343234_MG,mgCST 10
343239_MG,mgCST 5
343243_MG,mgCST 17
343246_MG,mgCST 8
343255_MG,mgCST 24
343256_MG,mgCST 23
343258_MG,mgCST 25
343261_MG,mgCST 20
343264_MG,mgCST 8
343266_MG,mgCST 22
343269_MG,mgCST 24
343271_MG,mgCST 19
343275_MG,mgCST 11
343276_MG,mgCST 22
343278_MG,mgCST 5
343281_MG,mgCST 24
343283_MG,mgCST 11
343286_MG,mgCST 20
343287_MG,mgCST 24
343291_MG,mgCST 22
343292_MG,mgCST 27
343301_MG,mgCST 12
343302_MG,mgCST 24
343306_MG,mgCST 12
343309_MG,mgCST 20
343311_MG,mgCST 18
343314_MG,mgCST 16
343318_MG,mgCST 1
343319_MG,mgCST 20
343322_MG,mgCST 20
343324_MG,mgCST 20
343328_MG,mgCST 12
343332_MG,mgCST 8
343335_MG,mgCST 23
343337_MG,mgCST 11
343339_MG,mgCST 10
343342_MG,mgCST 11
343345_MG,mgCST 12
343347_MG,mgCST 22
343349_MG,mgCST 23
343352_MG,mgCST 5
343356_MG,mgCST 20
343357_MG,mgCST 13
343360_MG,mgCST 23
343363_MG,mgCST 13
343365_MG,mgCST 10
343368_MG,mgCST 17
343370_MG,mgCST 17
343373_MG,mgCST 12
343377_MG,mgCST 24
343378_MG,mgCST 24
343381_MG,mgCST 10
343388_MG,mgCST 3
343389_MG,mgCST 11
343393_MG,mgCST 17
343396_MG,mgCST 11
343398_MG,mgCST 3
343401_MG,mgCST 18
343402_MG,mgCST 11
343406_MG,mgCST 3
343409_MG,mgCST 12
343411_MG,mgCST 11
343415_MG,mgCST 20
343416_MG,mgCST 22
343418_MG,mgCST 12
343422_MG,mgCST 24
343424_MG,mgCST 13
343425_MG,mgCST 11
343432_MG,mgCST 12
343434_MG,mgCST 24
343435_MG,mgCST 20
343439_MG,mgCST 12
343442_MG,mgCST 18
343444_MG,mgCST 13
343446_MG,mgCST 20
343449_MG,mgCST 19
343452_MG,mgCST 8
343454_MG,mgCST 17
343457_MG,mgCST 12
343459_MG,mgCST 12
343463_MG,mgCST 10
343464_MG,mgCST 22
343466_MG,mgCST 3
343469_MG,mgCST 10
343471_MG,mgCST 5
343474_MG,mgCST 20
343477_MG,mgCST 10
343479_MG,mgCST 17
343483_MG,mgCST 18
343489_MG,mgCST 23
343493_MG,mgCST 12
343494_MG,mgCST 23
343498_MG,mgCST 20
343499_MG,mgCST 11
343500_MG,mgCST 25
343504_MG,mgCST 13
343506_MG,mgCST 20
343509_MG,mgCST 12
343511_MG,mgCST 12
343514_MG,mgCST 22
343517_MG,mgCST 24
343520_MG,mgCST 27
343522_MG,mgCST 24
343524_MG,mgCST 24
343532_MG,mgCST 23
343534_MG,mgCST 11
343540_MG,mgCST 18
343543_MG,mgCST 24
343545_MG,mgCST 16
343547_MG,mgCST 20
343550_MG,mgCST 27
343554_MG,mgCST 1
343555_MG,mgCST 1
343557_MG,mgCST 11
343560_MG,mgCST 10
343563_MG,mgCST 25
343570_MG,mgCST 23
343574_MG,mgCST 3
343576_MG,mgCST 17
343578_MG,mgCST 10
343581_MG,mgCST 3
343583_MG,mgCST 22
343586_MG,mgCST 24
343588_MG,mgCST 19
343592_MG,mgCST 5
343593_MG,mgCST 20
343594_MG,mgCST 5
343598_MG,mgCST 22
343599_MG,mgCST 24
343603_MG,mgCST 22
343606_MG,mgCST 5
343608_MG,mgCST 11
343612_MG,mgCST 24
343613_MG,mgCST 3
343616_MG,mgCST 24
343618_MG,mgCST 11
343619_MG,mgCST 20
343623_MG,mgCST 10
343625_MG,mgCST 12
343628_MG,mgCST 12
343629_MG,mgCST 23
343633_MG,mgCST 17
343636_MG,mgCST 17
343638_MG,mgCST 22
343640_MG,mgCST 24
343643_MG,mgCST 22
343647_MG,mgCST 24
343648_MG,mgCST 22
343651_MG,mgCST 12
343653_MG,mgCST 19
343654_MG,mgCST 15
343661_MG,mgCST 13
343664_MG,mgCST 23
343666_MG,mgCST 17
343669_MG,mgCST 16
343671_MG,mgCST 11
343672_MG,mgCST 13
343676_MG,mgCST 17
343677_MG,mgCST 10
343681_MG,mgCST 11
343683_MG,mgCST 5
343686_MG,mgCST 5
343688_MG,mgCST 23
343691_MG,mgCST 12
343694_MG,mgCST 20
343695_MG,mgCST 15
343699_MG,mgCST 23
343701_MG,mgCST 23
343704_MG,mgCST 12
343707_MG,mgCST 24
343709_MG,mgCST 6
343712_MG,mgCST 24
343714_MG,mgCST 5
343716_MG,mgCST 23
343719_MG,mgCST 11
343720_MG,mgCST 11
343724_MG,mgCST 22
343726_MG,mgCST 12
343729_MG,mgCST 17
343731_MG,mgCST 1
343734_MG,mgCST 20
343735_MG,mgCST 1
343744_MG,mgCST 23
343748_MG,mgCST 18
343749_MG,mgCST 12
343750_MG,mgCST 12
343754_MG,mgCST 12
343755_MG,mgCST 17
343759_MG,mgCST 12
343762_MG,mgCST 23
343764_MG,mgCST 12
343767_MG,mgCST 20
343768_MG,mgCST 20
343777_MG,mgCST 20
343780_MG,mgCST 17
343782_MG,mgCST 27
343783_MG,mgCST 5
343792_MG,mgCST 24
343795_MG,mgCST 12
343797_MG,mgCST 20
343801_MG,mgCST 16
343802_MG,mgCST 11
343806_MG,mgCST 22
343807_MG,mgCST 11
343808_MG,mgCST 11
343812_MG,mgCST 22
343815_MG,mgCST 1
343817_MG,mgCST 22
343820_MG,mgCST 17
343822_MG,mgCST 16
343826_MG,mgCST 12
343827_MG,mgCST 19
343830_MG,mgCST 8
343832_MG,mgCST 23
343838_MG,mgCST 23
343839_MG,mgCST 20
343845_MG,mgCST 27
343846_MG,mgCST 20
343850_MG,mgCST 22
343851_MG,mgCST 12
343853_MG,mgCST 12
343856_MG,mgCST 12
343859_MG,mgCST 22
343861_MG,mgCST 12
343862_MG,mgCST 10
343866_MG,mgCST 22
343869_MG,mgCST 10
343871_MG,mgCST 22
343875_MG,mgCST 5
343876_MG,mgCST 17
343879_MG,mgCST 17
343882_MG,mgCST 11
343884_MG,mgCST 6
343887_MG,mgCST 1
343889_MG,mgCST 24
343890_MG,mgCST 20
343895_MG,mgCST 10
343897_MG,mgCST 20
343900_MG,mgCST 12
343902_MG,mgCST 18
343904_MG,mgCST 10
343907_MG,mgCST 17
343910_MG,mgCST 23
343912_MG,mgCST 20
343914_MG,mgCST 17
343917_MG,mgCST 20
343920_MG,mgCST 1
343940_MG,mgCST 13
343944_MG,mgCST 17
343960_MG,mgCST 17
343963_MG,mgCST 1
343980_MG,mgCST 17
343982_MG,mgCST 17
343990_MG,mgCST 23
343991_MG,mgCST 3
343995_MG,mgCST 20
343999_MG,mgCST 8
344000_MG,mgCST 17
344001_MG,mgCST 11
344005_MG,mgCST 7
344009_MG,mgCST 10
344010_MG,mgCST 10
344013_MG,mgCST 20
344015_MG,mgCST 17
344019_MG,mgCST 20
344020_MG,mgCST 20
344021_MG,mgCST 19
344025_MG,mgCST 17
344027_MG,mgCST 22
344030_MG,mgCST 24
344032_MG,mgCST 1
344035_MG,mgCST 24
344038_MG,mgCST 20
344041_MG,mgCST 22
344043_MG,mgCST 23
344046_MG,mgCST 16
344048_MG,mgCST 19
344049_MG,mgCST 22
344054_MG,mgCST 24
344056_MG,mgCST 1
344059_MG,mgCST 24
344061_MG,mgCST 22
344066_MG,mgCST 12
344070_MG,mgCST 3
344071_MG,mgCST 19
344076_MG,mgCST 13
344078_MG,mgCST 16
344081_MG,mgCST 18
344082_MG,mgCST 15
344086_MG,mgCST 10
344088_MG,mgCST 17
344091_MG,mgCST 10
344095_MG,mgCST 24
344098_MG,mgCST 17
344102_MG,mgCST 11
344105_MG,mgCST 23
344109_MG,mgCST 24
344114_MG,mgCST 17
344118_MG,mgCST 12
344119_MG,mgCST 17
344121_MG,mgCST 22
344124_MG,mgCST 22
344125_MG,mgCST 18
344129_MG,mgCST 20
344130_MG,mgCST 10
344134_MG,mgCST 24
344135_MG,mgCST 13
344139_MG,mgCST 11
344140_MG,mgCST 17
344144_MG,mgCST 17
344145_MG,mgCST 10
348298_MG,mgCST 24
CHARM.CHARM010_V1,mgCST 20
CHARM.CHARM010_V2,mgCST 12
CHARM.CHARM014_V1,mgCST 12
CHARM.CHARM014_V2,mgCST 12
CHARM.CHARM018_V1,mgCST 22
CHARM.CHARM018_V2,mgCST 22
CHARM.CHARM020_V1,mgCST 22
CHARM.CHARM020_V2,mgCST 3
CHARM.CHARM066_V1,mgCST 22
CHARM.CHARM066_V2,mgCST 20
CHARM.CHARM068_V1,mgCST 12
CHARM.CHARM110_V2,mgCST 23
CHARM.CHARM120_V1,mgCST 3
CHARM.CHARM120_V2,mgCST 3
CHARM.CHARM126_V1,mgCST 23
CHARM.CHARM126_V2,mgCST 1
CHARM.CHARM140_V1,mgCST 1
CHARM.CHARM140_V2,mgCST 1
CHARM.CHARM144_V1,mgCST 20
CHARM.CHARM144_V2,mgCST 20
CHARM.CHARM148_V1,mgCST 11
CHARM.CHARM148_V2,mgCST 11
CHARM.CHARM150_V1,mgCST 12
CHARM.CHARM150_V2,mgCST 15
CHARM.CHARM154_V1,mgCST 11
CHARM.CHARM154_V2,mgCST 24
CHARM.CHARM170_V1,mgCST 22
CHARM.CHARM170_V2,mgCST 11
CHARM.CHARM180_V1,mgCST 23
CHARM.CHARM180_V2,mgCST 22
CHARM.CHARM198_V1,mgCST 17
CHARM.CHARM198_V2,mgCST 24
CSS.S288758,mgCST 11
CSS.S288761,mgCST 22
CSS.S288830,mgCST 22
CSS.S288863,mgCST 3
CSS.S288869,mgCST 3
CSS.S288875,mgCST 3
CSS.S288974,mgCST 23
CSS.S288983,mgCST 11
CSS.S289061,mgCST 20
CSS.S289076,mgCST 11
CSS.S289184,mgCST 22
CSS.S289235,mgCST 23
CSS.S289289,mgCST 11
CSS.S289298,mgCST 22
CSS.S289382,mgCST 10
CSS.S289415,mgCST 20
CSS.S289502,mgCST 25
CSS.S289511,mgCST 11
CSS.S289523,mgCST 27
CSS.S289604,mgCST 10
CSS.S289709,mgCST 22
CSS.S289823,mgCST 27
CSS.S289844,mgCST 20
CSS.S289916,mgCST 23
CSS.S289940,mgCST 20
CSS.S289943,mgCST 20
CSS.S290042,mgCST 12
CSS.S290054,mgCST 27
CSS.S290063,mgCST 10
CSS.S290201,mgCST 15
CSS.S290366,mgCST 11
CSS.S290384,mgCST 5
CSS.S290405,mgCST 5
CSS.S290471,mgCST 11
DACC.SRS011269,mgCST 15
DACC.SRS011355,mgCST 1
DACC.SRS011584,mgCST 15
DACC.SRS012294,mgCST 16
DACC.SRS012934,mgCST 9
DACC.SRS013542,mgCST 20
DACC.SRS013973,mgCST 1
DACC.SRS014415,mgCST 5
DACC.SRS014466,mgCST 1
DACC.SRS014494,mgCST 1
DACC.SRS014629,mgCST 16
DACC.SRS014744,mgCST 1
DACC.SRS014801,mgCST 1
DACC.SRS015054,mgCST 1
DACC.SRS015072,mgCST 1
DACC.SRS015073,mgCST 1
DACC.SRS015148,mgCST 1
DACC.SRS015168,mgCST 1
DACC.SRS015225,mgCST 12
DACC.SRS015425,mgCST 6
DACC.SRS015481,mgCST 3
DACC.SRS015587,mgCST 5
DACC.SRS015702,mgCST 1
DACC.SRS016111,mgCST 12
DACC.SRS016191,mgCST 1
DACC.SRS016516,mgCST 5
DACC.SRS016559,mgCST 5
DACC.SRS016692,mgCST 12
DACC.SRS017497,mgCST 24
DACC.SRS017520,mgCST 1
DACC.SRS017700,mgCST 1
DACC.SRS018488,mgCST 12
DACC.SRS018535,mgCST 12
DACC.SRS018769,mgCST 3
DACC.SRS019285,mgCST 23
DACC.SRS019379,mgCST 7
DACC.SRS019485,mgCST 1
DACC.SRS019600,mgCST 1
DACC.SRS019807,mgCST 16
DACC.SRS019989,mgCST 1
DACC.SRS020349,mgCST 3
DACC.SRS021969,mgCST 1
DACC.SRS022092,mgCST 16
DACC.SRS022158,mgCST 1
DACC.SRS022734,mgCST 7
DACC.SRS023466,mgCST 22
DACC.SRS023850,mgCST 9
DACC.SRS024068,mgCST 15
DACC.SRS024428,mgCST 7
DACC.SRS042428,mgCST 16
DACC.SRS042625,mgCST 7
DACC.SRS042858,mgCST 5
DACC.SRS044742,mgCST 1
DACC.SRS044902,mgCST 25
DACC.SRS046034,mgCST 24
DACC.SRS047140,mgCST 1
DACC.SRS047335,mgCST 12
DACC.SRS049237,mgCST 3
DACC.SRS049340,mgCST 25
DACC.SRS049390,mgCST 25
DACC.SRS049541,mgCST 12
DACC.SRS050184,mgCST 12
DACC.SRS051505,mgCST 3
DACC.SRS051548,mgCST 1
DACC.SRS051637,mgCST 1
DACC.SRS052330,mgCST 16
DACC.SRS052620,mgCST 7
DACC.SRS052756,mgCST 12
DACC.SRS052859,mgCST 24
DACC.SRS053741,mgCST 12
DACC.SRS054962,mgCST 12
DACC.SRS055018,mgCST 12
DACC.SRS055298,mgCST 12
DACC.SRS056156,mgCST 15
DACC.SRS056483,mgCST 1
DACC.SRS056623,mgCST 5
DACC.SRS056695,mgCST 5
DACC.SRS057344,mgCST 1
DACC.SRS057807,mgCST 1
DACC.SRS057894,mgCST 12
DACC.SRS062512,mgCST 1
DACC.SRS062520,mgCST 7
DACC.SRS062545,mgCST 5
DACC.SRS062906,mgCST 15
DACC.SRS063417,mgCST 16
DACC.SRS063804,mgCST 7
DACC.SRS064225,mgCST 5
DACC.SRS064263,mgCST 5
DACC.SRS064376,mgCST 6
DACC.SRS064382,mgCST 3
DACC.SRS064568,mgCST 3
DACC.SRS064666,mgCST 15
DACC.SRS064704,mgCST 15
DACC.SRS065347,mgCST 1
DACC.SRS065547,mgCST 12
DACC.SRS074663,mgCST 2
DACC.SRS075463,mgCST 9
DACC.SRS075829,mgCST 1
DACC.SRS075886,mgCST 3
DACC.SRS075975,mgCST 25
DACC.SRS075977,mgCST 25
DACC.SRS075979,mgCST 25
DACC.SRS075983,mgCST 5
DACC.SRS076812,mgCST 6
DACC.SRS076945,mgCST 12
DACC.SRS077032,mgCST 22
DACC.SRS077206,mgCST 12
DACC.SRS077210,mgCST 12
DACC.SRS077343,mgCST 1
DACC.SRS077400,mgCST 15
DACC.SRS077649,mgCST 5
DACC.SRS077751,mgCST 5
DACC.SRS077793,mgCST 5
DACC.SRS078241,mgCST 7
DACC.SRS078263,mgCST 1
DACC.SRS078686,mgCST 24
DACC.SRS097885,mgCST 1
DACC.SRS097887,mgCST 1
DACC.SRS098039,mgCST 1
DACC.SRS098081,mgCST 1
DACC.SRS098530,mgCST 1
DACC.SRS098585,mgCST 1
DACC.SRS098587,mgCST 1
DACC.SRS098640,mgCST 27
DACC.SRS098642,mgCST 1
DACC.SRS098815,mgCST 1
DACC.SRS098842,mgCST 1
DACC.SRS101454,mgCST 1
DACC.SRS102823,mgCST 1
DACC.SRS103938,mgCST 1
DACC.SRS103964,mgCST 1
DACC.SRS104102,mgCST 3
DACC.SRS104195,mgCST 12
DACC.SRS104309,mgCST 12
DACC.SRS104416,mgCST 12
DACC.SRS104497,mgCST 1
DACC.SRS104499,mgCST 1
DACC.SRS104501,mgCST 1
DACC.SRS104644,mgCST 24
DACC.SRS104701,mgCST 1
DACC.SRS105169,mgCST 7
DACC.SRS140534,mgCST 27
DACC.SRS140666,mgCST 4
DACC.SRS142501,mgCST 16
DACC.SRS142521,mgCST 3
DACC.SRS142560,mgCST 5
DACC.SRS142710,mgCST 20
DACC.SRS142957,mgCST 12
DACC.SRS142959,mgCST 12
DACC.SRS143247,mgCST 11
DACC.SRS143378,mgCST 1
DACC.SRS143465,mgCST 17
DACC.SRS143739,mgCST 1
DACC.SRS143776,mgCST 1
DACC.SRS143778,mgCST 1
DACC.SRS143894,mgCST 3
DACC.SRS144694,mgCST 3
DACC.SRS144774,mgCST 6
DACC.SRS145518,mgCST 1
DACC.SRS146847,mgCST 11
DACC.SRS146849,mgCST 11
DACC.SRS146924,mgCST 24
DACC.SRS147175,mgCST 24
DACC.SRS147290,mgCST 7
DACC.SRS147433,mgCST 7
DACC.SRS147556,mgCST 5
DACC.SRS147661,mgCST 1
DACC.SRS147727,mgCST 12
DACC.SRS147880,mgCST 5
DACC.SRS148145,mgCST 1
DACC.SRS148146,mgCST 1
DACC.SRS148147,mgCST 1
DACC.SRS148214,mgCST 23
DACC.SRS148318,mgCST 3
DACC.SRS148423,mgCST 16
DACC.SRS148459,mgCST 16
DACC.SRS148529,mgCST 15
DACC.SRS149093,mgCST 1
DACC.SRS149343,mgCST 1
DACC.SRS149594,mgCST 3
DACC.SRS149665,mgCST 12
DACC.SRS149783,mgCST 17
DACC.SRS149878,mgCST 1
ERR2238774,mgCST 23
ERR2238775,mgCST 12
ERR2238776,mgCST 27
ERR2238777,mgCST 15
ERR2238778,mgCST 9
ERR2244420,mgCST 23
ERR2244421,mgCST 27
ERR2244423,mgCST 23
ERR2244500,mgCST 27
ERR2244501,mgCST 25
ERR2244502,mgCST 27
ERR2244503,mgCST 23
ERR2244504,mgCST 27
ERR2244505,mgCST 12
ERR2244506,mgCST 27
ERR2244507,mgCST 12
ERR2244508,mgCST 27
ERR2244509,mgCST 23
ERR2244510,mgCST 27
ERR2244511,mgCST 23
ERR2244512,mgCST 2
ERR2244513,mgCST 12
ERR2244514,mgCST 27
ERR2244515,mgCST 11
ERR2244516,mgCST 4
ERR2244517,mgCST 27
ERR2244518,mgCST 27
ERR2244519,mgCST 27
ERR2244520,mgCST 20
ERR2244521,mgCST 23
ERR2244522,mgCST 11
ERR2244523,mgCST 27
ERR2244524,mgCST 23
ERR2244525,mgCST 27
ERR2244526,mgCST 12
ERR2244527,mgCST 27
ERR2244528,mgCST 4
ERR2244529,mgCST 27
ERR2244530,mgCST 3
ERR2244531,mgCST 27
ERR2244532,mgCST 3
ERR2244533,mgCST 27
ERR2244534,mgCST 12
ERR2244535,mgCST 27
ERR2244536,mgCST 12
ERR2244537,mgCST 27
ERR2244538,mgCST 23
ERR2244539,mgCST 27
ERR2244540,mgCST 27
ERR2244541,mgCST 27
ERR2244542,mgCST 27
ERR2244543,mgCST 27
ERR2244544,mgCST 11
ERR2244545,mgCST 11
ERR2244546,mgCST 27
ERR2244547,mgCST 23
ERR2244548,mgCST 23
ERR2244549,mgCST 27
ERR2244550,mgCST 12
ERR2244551,mgCST 12
ERR2244552,mgCST 27
ERR2244553,mgCST 27
ERR2244554,mgCST 12
ERR2244555,mgCST 12
ERR2244556,mgCST 12
ERR2244557,mgCST 27
ERR2244558,mgCST 27
ERR2244559,mgCST 27
ERR2244560,mgCST 27
ERR2244561,mgCST 27
ERR2244562,mgCST 27
ERR2244563,mgCST 1
ERR2244564,mgCST 1
ERR2244565,mgCST 2
ERR2244566,mgCST 4
ERR2244567,mgCST 27
HMP.HMP12_W1D2,mgCST 6
HMP.HMP12_W2D7,mgCST 6
HMP.HMP12_W3D2,mgCST 6
HMP.HMP12_W3D4,mgCST 6
HMP.HMP12_W4D3,mgCST 6
HMP.HMP12_W6D4,mgCST 6
HMP.HMP40_W1D2,mgCST 11
HMP.HMP40_W3D6,mgCST 11
HMP.HMP40_W3D7,mgCST 11
HMP.HMP40_W4D2,mgCST 11
HMP.HMP40_W5D1,mgCST 11
HMP.HMP40_W6D2,mgCST 25
MGTVB.EMO9W7D4,mgCST 1
MGTVB.EMO9W8D3,mgCST 23
MGTVB.EMO9W8D7,mgCST 20
MGTVB.EMO9W9D3,mgCST 3
MGTVB.em10w3d7,mgCST 12
MGTVB.em10w4d7,mgCST 12
MGTVB.em15w2d5,mgCST 1
MGTVB.em15w3d5,mgCST 1
MG_123843_DC_R,mgCST 10
MG_123846_DC,mgCST 3
MG_123855_DC_R,mgCST 26
MG_123867_DC,mgCST 27
MG_123870_DC,mgCST 26
MG_123871_DC,mgCST 26
MG_123882_DC,mgCST 6
MG_123883_DC,mgCST 27
MG_123890_DC,mgCST 26
MG_123895_DC,mgCST 25
MG_123899_DC_R,mgCST 7
MG_123902_DC,mgCST 11
MG_123907_DC_R,mgCST 17
MG_123911_DC_R,mgCST 1
MG_123915_DC_R,mgCST 4
MG_123919_DC_R,mgCST 20
MG_123923_DC_R,mgCST 1
MG_123927_DC_R,mgCST 16
MG_123931_DC_R,mgCST 12
MG_123935_DC_R,mgCST 12
MG_123939_DC_R,mgCST 11
MG_123958_CHICAGO,mgCST 20
MG_123959_CHICAGO,mgCST 20
MG_123970_CHICAGO,mgCST 16
MG_123971_CHICAGO,mgCST 16
MG_123974_CHICAGO,mgCST 12
MG_123975_CHICAGO,mgCST 12
MG_123978_CHICAGO,mgCST 26
MG_123979_CHICAGO,mgCST 26
MG_123982_CHICAGO,mgCST 24
MG_123983_CHICAGO,mgCST 24
MG_123998_CHICAGO,mgCST 12
MG_123999_CHICAGO,mgCST 12
MG_124002_CHICAGO,mgCST 22
MG_124003_CHICAGO,mgCST 22
MG_124006_CHICAGO,mgCST 20
MG_124007_CHICAGO,mgCST 20
MG_124014_CHICAGO,mgCST 24
MG_124015_CHICAGO,mgCST 24
MG_124018_CHICAGO,mgCST 3
MG_124019_CHICAGO,mgCST 3
MG_124022_CHICAGO,mgCST 20
MG_124023_CHICAGO,mgCST 20
MG_124026_CHICAGO,mgCST 6
MG_124027_CHICAGO,mgCST 6
MG_124030_CHICAGO,mgCST 19
MG_124031_CHICAGO,mgCST 19
MG_124034_CHICAGO,mgCST 22
MG_124035_CHICAGO,mgCST 22
MG_124038_CHICAGO,mgCST 22
MG_124039_CHICAGO,mgCST 22
MG_124042_CHICAGO,mgCST 3
MG_124043_CHICAGO,mgCST 3
MG_124046_CHICAGO,mgCST 22
MG_124047_CHICAGO,mgCST 22
MG_124050_CHICAGO,mgCST 20
MG_124051_CHICAGO,mgCST 20
MG_124054_CHICAGO,mgCST 24
MG_124055_CHICAGO,mgCST 24
MG_124062_CHICAGO,mgCST 11
MG_124063_CHICAGO,mgCST 11
MG_124066_CHICAGO,mgCST 22
MG_124067_CHICAGO,mgCST 22
MG_124071_CHICAGO,mgCST 23
MG_124075_CHICAGO_R,mgCST 16
MG_124078_EMORY,mgCST 24
MG_124079_EMORY,mgCST 24
MG_124083_EMORY,mgCST 20
MG_124086_EMORY,mgCST 22
MG_124087_EMORY,mgCST 22
MG_124090_EMORY,mgCST 10
MG_124091_EMORY,mgCST 10
MG_124094_EMORY,mgCST 20
MG_124095_EMORY,mgCST 23
MG_124098_EMORY,mgCST 17
MG_124099_EMORY,mgCST 22
MG_124102_EMORY,mgCST 12
MG_124103_EMORY,mgCST 12
MG_124106_EMORY,mgCST 22
MG_124107_EMORY,mgCST 22
MG_124111_ATLANTA_R,mgCST 12
MG_124114_EMORY,mgCST 3
MG_124115_EMORY,mgCST 3
MG_124118_EMORY,mgCST 13
MG_124119_EMORY,mgCST 13
MG_124122_EMORY,mgCST 1
MG_124123_EMORY,mgCST 1
MG_124126_EMORY,mgCST 4
MG_124127_EMORY,mgCST 1
MG_124130_EMORY,mgCST 27
MG_124134_EMORY,mgCST 20
MG_124135_EMORY,mgCST 20
MG_124138_EMORY,mgCST 24
MG_124139_EMORY,mgCST 24
MG_124142_EMORY,mgCST 22
MG_124143_EMORY,mgCST 22
MG_124146_EMORY,mgCST 20
MG_124147_EMORY,mgCST 20
MG_124150_EMORY,mgCST 11
MG_124151_EMORY,mgCST 11
MG_124154_EMORY,mgCST 22
MG_124155_EMORY,mgCST 22
MG_30100246_REF,mgCST 12
MG_30100385_REF,mgCST 23
MG_30100397_REF,mgCST 12
MG_30100400_REF,mgCST 12
MG_30100626_REF,mgCST 6
MG_30203319_REF,mgCST 1
MG_30203509_REF,mgCST 27
MG_30203573_REF,mgCST 16
MG_30203763_REF,mgCST 3
MG_30409353_REF,mgCST 7
MG_30409733_REF,mgCST 24
MG_30512631_REF,mgCST 12
MG_30512667_REF,mgCST 23
MG_32101123_REF,mgCST 3
MG_32101632_REF,mgCST 10
MG_32512933_REF,mgCST 25
MG_33120099_REF,mgCST 26
MG_33120114_REF,mgCST 20
MG_33120176_REF,mgCST 22
MG_33120190_REF,mgCST 11
MG_33120291_REF,mgCST 22
MG_33323001_REF,mgCST 20
MG_60100557_REF,mgCST 22
MG_60304270_REF,mgCST 23
MG_62107085_REF,mgCST 23
MG_62107474_REF,mgCST 24
MG_62107614_REF,mgCST 23
MG_62108363_REF,mgCST 23
MG_62109120_REF,mgCST 19
MG_63105079_REF,mgCST 23
MG_63105245_REF,mgCST 25
MG_63105891_REF,mgCST 23
MG_63110119_REF,mgCST 17
MG_63110169_REF,mgCST 20
MG_63309766_REF,mgCST 6
MG_UAB002_W10D4_181150,mgCST 6
MG_UAB002_W8D4_181086,mgCST 6
MG_UAB002_W9D7_181134,mgCST 6
MG_UAB0135_W1D1_228762,mgCST 20
MG_UAB0135_W1D3_228770,mgCST 21
MG_UAB0135_W1D6_228782,mgCST 20
MG_UAB0135_W2D2_228798,mgCST 20
MG_UAB0135_W2D4_228806,mgCST 11
MG_UAB0135_W2D6_228814,mgCST 21
MG_UAB053_W1D2_195635,mgCST 20
MG_UAB053_W1D6_195652,mgCST 20
MG_UAB053_W3D6_195716,mgCST 20
MG_UAB053_W3D7_195724,mgCST 20
MG_UAB061_W2D3_199362,mgCST 20
MG_UAB061_W2D6_199375,mgCST 20
MG_UAB061_W3D1_199387,mgCST 20
MG_UAB061_W3D4_199398,mgCST 20
MG_UAB061_W3D6_199406,mgCST 20
MG_UAB065_W2D5_200718,mgCST 12
MG_UAB065_W3D3_200743,mgCST 19
MG_UAB065_W3D5_200750,mgCST 23
MG_UAB065_W3D7_200763,mgCST 22
MG_UAB065_W4D2_200770,mgCST 12
MROME.HUZ235500,mgCST 23
MROME.HUZ235509,mgCST 11
MROME.HUZ237302,mgCST 6
MROME.HUZ237311,mgCST 6
MROME.HUZ237314,mgCST 6
MROME.HUZ237496,mgCST 10
MROME.HUZ237575,mgCST 22
MROME.HUZ237584,mgCST 11
MROME.HUZ237587,mgCST 11
MROME.HUZ238438,mgCST 11
MROME.HUZ238450,mgCST 11
MROME.HUZ239114,mgCST 24
MROME.HUZ239124,mgCST 12
MROME.HUZ239125,mgCST 12
MROME.HUZ239359,mgCST 22
MROME.HUZ239360,mgCST 22
MROME.HUZ239413,mgCST 12
MROME.HUZ239420,mgCST 20
MROME.HUZ239423,mgCST 20
MROME.HUZ239711,mgCST 16
MROME.HUZ240763,mgCST 12
MROME.HUZ240765,mgCST 12
MROME.HUZ241542,mgCST 11
MROME.HUZ241543,mgCST 11
MROME.HUZ243053,mgCST 1
MROME.HUZ243260,mgCST 15
MROME.HUZ243261,mgCST 12
MROME.HUZ243262,mgCST 15
MROME.HUZ252644,mgCST 22
MROME.HUZ252652,mgCST 12
MROME.HUZ265136,mgCST 22
MROME.HUZ265146,mgCST 22
MROME.HUZ267383,mgCST 20
MROME.HUZ268380,mgCST 3
MROME.HUZ268383,mgCST 3
MROME.HUZ268385,mgCST 3
MROME.HUZ269098,mgCST 12
MROME.HUZ269099,mgCST 3
MROME.HUZ269100,mgCST 3
MROME.HUZ270021,mgCST 22
MROME.HUZ270022,mgCST 22
MROME.HUZ270830,mgCST 12
MROME.HUZ270841,mgCST 12
MROME.HUZ420220,mgCST 12
MROME.HUZ421083,mgCST 24
MROME.HUZ421340,mgCST 15
MROME.HUZ421369,mgCST 1
MROME.HUZ432163,mgCST 24
MROME.HUZ432496,mgCST 19
MROME.HUZ432719,mgCST 12
MROME.HUZ433171,mgCST 1
MROME.HUZ433466,mgCST 24
MROME.HUZ433604,mgCST 12
MROME.HUZ434043,mgCST 22
MROME.HUZ435002,mgCST 1
MROME.HUZ435180,mgCST 3
MROME.HUZ436167,mgCST 11
MROME.HUZ436420,mgCST 24
MROME.HUZ436544,mgCST 22
MROME.HUZ436564,mgCST 1
MROME.HUZ436911,mgCST 22
MROME.HUZ437268,mgCST 22
MROME.HUZ437560,mgCST 25
MROME.HUZ437857,mgCST 11
MROME.HUZ437972,mgCST 13
MROME.HUZ539761,mgCST 16
MROME.HUZ604500,mgCST 11
MROME.HUZ604843,mgCST 25
MROME.HUZ605895,mgCST 12
MROME.HUZ606086,mgCST 15
MROME.HUZ606287,mgCST 24
MROME.HUZ606396,mgCST 15
MROME.HUZ606399,mgCST 20
MROME.HUZ606424,mgCST 22
MROME.HUZ607669,mgCST 11
MROME.HUZ608549,mgCST 12
MROME.HUZ612660,mgCST 20
MROME.HUZ613213,mgCST 24
MROME.HUZ613376,mgCST 11
MROME.HUZ613469,mgCST 12
MROME.HUZ613814,mgCST 12
MROME.HUZ614226,mgCST 13
MROME.HUZ614244,mgCST 24
MROME.HUZ614305,mgCST 11
MROME.HUZ614906,mgCST 6
MROME.HUZ615379,mgCST 1
MROME.HUZ615540,mgCST 12
MROME.HUZ616187,mgCST 6
MROME.HUZ616496,mgCST 12
MROME.HUZ616836,mgCST 12
MROME.HUZ618760,mgCST 12
MROME.HUZ618785,mgCST 11
MROME.HUZ619089,mgCST 20
MROME.HUZ619393,mgCST 12
MROME.HUZ619698,mgCST 11
MROME.HUZ620225,mgCST 12
MROME.HUZ620284,mgCST 20
MROME.HUZ620318,mgCST 12
MROME.HUZ620671,mgCST 12
MROME.HUZ621105,mgCST 12
MROME.HUZ621603,mgCST 15
MROME.HUZ633103,mgCST 16
MROME.HUZ634093,mgCST 16
MROME.HUZ635444,mgCST 16
MROME.HUZ635668,mgCST 22
MROME.HUZ636416,mgCST 12
MROME.HUZ636460,mgCST 24
MROME.HUZ636473,mgCST 16
MROME.HUZ637176,mgCST 12
MROME.HUZ638081,mgCST 12
MROME.HUZ642406,mgCST 26
MROME.HUZ642694,mgCST 12
MROME.HUZ643591,mgCST 12
MROME.HUZ643630,mgCST 17
MROME.HUZ643984,mgCST 12
MROME.HUZ644405,mgCST 22
MROME.HUZ644557,mgCST 12
MROME.HUZ644927,mgCST 12
MROME.HUZ645337,mgCST 27
MROME.HUZ646173,mgCST 24
MROME.HUZ647004,mgCST 24
MROME.HUZ648225,mgCST 15
MROME.HUZ648375,mgCST 23
MROME.HUZ648419,mgCST 15
MROME.HUZ648786,mgCST 22
MROME.HUZ648851,mgCST 15
MROME.HUZ649035,mgCST 6
MROME.HUZ649084,mgCST 12
MROME.HUZ649237,mgCST 15
MROME.HUZ649360,mgCST 12
MROME.HUZ649646,mgCST 15
MROME.HUZ649659,mgCST 12
MROME.HUZ649701,mgCST 19
MROME.HUZ649837,mgCST 15
MROME.HUZ650047,mgCST 15
MROME.HUZ650140,mgCST 22
MROME.HUZ650302,mgCST 20
MROME.HUZ650461,mgCST 15
MROME.HUZ650836,mgCST 15
MROME.HUZ650853,mgCST 12
MROME.HUZ651102,mgCST 22
MROME.HUZ651481,mgCST 12
MROME.HUZ652354,mgCST 12
MROME.HUZ652449,mgCST 27
MROME.HUZ658058,mgCST 13
MU01B.AYAC03W2D1,mgCST 22
MU01B.AYAC05W3D7,mgCST 12
MU01B.AYAC05W6D2,mgCST 3
MU01B.AYAC06W6D6,mgCST 9
MU01B.EM013_W1D6,mgCST 22
MU01B.EM02W9D2,mgCST 22
MU01B.EM04W10D3,mgCST 15
MU01B.EM06W5D5,mgCST 8
MU01B.EM10W3D7,mgCST 12
MU01B.EM10W4D7,mgCST 12
MU01B.EM10W6D7,mgCST 12
MU01B.EM12W4D3,mgCST 16
MU01B.EM14W10D3,mgCST 1
MU01B.EM15W2D5,mgCST 1
MU01B.EM15W3D5,mgCST 1
MU01B.EMO9W7D4,mgCST 1
MU01B.EMO9W8D3,mgCST 23
MU01B.EMO9W8D7,mgCST 20
MU01B.EMO9W9D3,mgCST 3
MU01B.S401_022506,mgCST 15
MU01B.S401_030106,mgCST 11
MU01B.S414_050806,mgCST 20
MU01B.S423_071706,mgCST 23
MU01B.S423_072106,mgCST 23
MU01B.S429_091606,mgCST 11
MU01B.S445_020507,mgCST 24
MU01B.S445_020807,mgCST 24
MU01B.VM009,mgCST 12
MU01B.VM018,mgCST 3
MU01B.VM021,mgCST 8
MU01B.VM027,mgCST 20
MU01B.VM031,mgCST 1
MU01B.VM033,mgCST 22
MU01B.VM063,mgCST 9
MU01B.VM077,mgCST 12
MU01B.VM090,mgCST 1
MU01B.VM177,mgCST 12
MU01B.VM255,mgCST 12
MU01B.VM264,mgCST 15
MU01B.VM319,mgCST 22
AYAC02_W1D7,mgCST 15
AYAC02_W3D1,mgCST 3
AYAC02_W5D6,mgCST 3
AYAC02_W7D5,mgCST 1
AYAC02_W9D3,mgCST 26
AYAC03_W1D7,mgCST 22
AYAC03_W4D7,mgCST 3
AYAC03_W7D5,mgCST 3
AYAC03_W8D6,mgCST 3
AYAC03_W9D7,mgCST 10
AYAC05_W1D6,mgCST 27
AYAC05_W3D7,mgCST 10
AYAC05_W5D5,mgCST 27
AYAC05_W7D7,mgCST 23
AYAC05_W9D7,mgCST 10
AYAC09_W1D7,mgCST 3
AYAC09_W3D4,mgCST 3
AYAC09_W5D7,mgCST 27
AYAC09_W7D4,mgCST 27
AYAC09_W9D7,mgCST 3
AYAC10_W1D7,mgCST 3
AYAC10_W2D7,mgCST 10
AYAC10_W5D4,mgCST 3
AYAC10_W8D1,mgCST 3
AYAC10_W9D5,mgCST 1
EM04_W1D7,mgCST 15
EM04_W3D7,mgCST 15
EM04_W5D6,mgCST 27
EM04_W7D7,mgCST 15
EM04_W9D6,mgCST 27
EM06_W1D7,mgCST 8
EM06_W3D7,mgCST 8
EM06_W5D6,mgCST 8
EM06_W7D7,mgCST 8
EM06_W9D6,mgCST 8
EM09_W2D3,mgCST 4
EM09_W4D4,mgCST 3
EM09_W6D7,mgCST 3
EM09_W8D5,mgCST 18
EM09_W9D6,mgCST 3
EM10_W1D7,mgCST 12
EM10_W3D2,mgCST 12
EM10_W4D7,mgCST 10
EM10_W6D5,mgCST 10
EM10_W8D7,mgCST 12
EM11_W1D7,mgCST 1
EM11_W3D6,mgCST 1
EM11_W5D7,mgCST 1
EM11_W7D7,mgCST 1
EM11_W9D7,mgCST 1
UAB002_W1D4,mgCST 6
UAB002_W3D1,mgCST 6
UAB002_W5D7,mgCST 6
UAB002_W7D7,mgCST 6
UAB006_W2D2,mgCST 10
UAB006_W3D2,mgCST 10
UAB006_W5D4,mgCST 19
UAB006_W7D7,mgCST 22
UAB006_W9D7,mgCST 19
UAB007_W1D7,mgCST 10
UAB007_W4D7,mgCST 10
UAB007_W6D3,mgCST 10
UAB007_W7D7,mgCST 16
UAB007_W9D7,mgCST 10
UAB010_W10D3,mgCST 1
UAB010_W10D7,mgCST 1
UAB010_W1D2,mgCST 10
UAB010_W3D1,mgCST 1
UAB010_W5D6,mgCST 1
UAB010_W7D5,mgCST 10
UAB011_W1D7,mgCST 9
UAB011_W3D6,mgCST 9
UAB011_W7D1,mgCST 9
UAB011_W7D7,mgCST 9
UAB011_W9D7,mgCST 9
UAB015_W10D7,mgCST 20
UAB015_W1D5,mgCST 20
UAB015_W3D1,mgCST 20
UAB015_W5D7,mgCST 20
UAB015_W9D4,mgCST 20
UAB021_W1D5,mgCST 22
UAB021_W3D7,mgCST 17
UAB021_W5D7,mgCST 17
UAB021_W8D3,mgCST 17
UAB022_W10D1,mgCST 22
UAB022_W2D1,mgCST 22
UAB022_W4D1,mgCST 22
UAB022_W6D1,mgCST 22
UAB022_W8D1,mgCST 22
UAB028_W1D7,mgCST 5
UAB028_W3D7,mgCST 23
UAB028_W5D5,mgCST 20
UAB028_W7D7,mgCST 23
UAB028_W9D7,mgCST 23
UAB035_W2D7,mgCST 17
UAB035_W3D6,mgCST 20
UAB035_W5D7,mgCST 20
UAB035_W7D4,mgCST 23
UAB035_W9D7,mgCST 20
UAB038_W2D2,mgCST 4
UAB038_W3D7,mgCST 25
UAB038_W5D7,mgCST 9
UAB038_W7D4,mgCST 27
UAB038_W9D7,mgCST 23
UAB039_W1D7,mgCST 25
UAB039_W3D6,mgCST 25
UAB039_W5D7,mgCST 25
UAB039_W7D7,mgCST 25
UAB039_W9D7,mgCST 25
UAB044_W1D7,mgCST 8
UAB044_W3D7,mgCST 8
UAB044_W5D7,mgCST 8
UAB044_W7D7,mgCST 8
UAB044_W9D7,mgCST 8
UAB048_W1D7,mgCST 24
UAB048_W3D7,mgCST 24
UAB048_W5D2,mgCST 24
UAB048_W7D7,mgCST 27
UAB048_W9D7,mgCST 25
UAB052_W10D2,mgCST 15
UAB052_W1D5,mgCST 15
UAB052_W4D2,mgCST 23
UAB052_W5D7,mgCST 9
UAB052_W8D3,mgCST 15
UAB060_W10D2,mgCST 22
UAB060_W1D6,mgCST 22
UAB060_W3D7,mgCST 22
UAB060_W5D7,mgCST 22
UAB060_W7D7,mgCST 22
UAB071_W10D2,mgCST 24
UAB071_W1D7,mgCST 24
UAB071_W3D7,mgCST 23
UAB071_W5D7,mgCST 24
UAB071_W7D7,mgCST 24
UAB077_W1D7,mgCST 24
UAB077_W3D1,mgCST 24
UAB077_W5D7,mgCST 24
UAB077_W8D2,mgCST 24
UAB077_W9D7,mgCST 24
UAB079_W10D1,mgCST 20
UAB079_W2D2,mgCST 20
UAB079_W3D7,mgCST 17
UAB079_W6D7,mgCST 20
UAB079_W7D6,mgCST 20
UAB082_W10D2,mgCST 22
UAB082_W2D5,mgCST 24
UAB082_W3D7,mgCST 24
UAB082_W5D7,mgCST 24
UAB082_W7D7,mgCST 11
UAB088_W10D1,mgCST 20
UAB088_W2D1,mgCST 23
UAB088_W4D1,mgCST 11
UAB088_W6D1,mgCST 11
UAB088_W7D6,mgCST 11
UAB093_W1D7,mgCST 1
UAB093_W4D2,mgCST 1
UAB093_W5D7,mgCST 1
UAB093_W7D7,mgCST 1
UAB093_W9D6,mgCST 1
UAB096_W1D5,mgCST 27
UAB096_W3D3,mgCST 27
UAB096_W5D3,mgCST 10
UAB096_W7D3,mgCST 27
UAB096_W9D7,mgCST 27
UAB106_W1D7,mgCST 16
UAB106_W3D7,mgCST 16
UAB106_W5D4,mgCST 16
UAB106_W7D7,mgCST 16
UAB106_W9D7,mgCST 16
UAB110_W10D4,mgCST 25
UAB110_W1D7,mgCST 25
UAB110_W3D7,mgCST 27
UAB110_W6D2,mgCST 25
UAB110_W7D7,mgCST 25
UAB116_W1D7,mgCST 20
UAB116_W2D7,mgCST 20
UAB116_W4D6,mgCST 23
UAB116_W6D7,mgCST 20
UAB116_W9D6,mgCST 20
UAB117_W1D6,mgCST 10
UAB117_W3D6,mgCST 10
UAB117_W5D6,mgCST 10
UAB117_W8D1,mgCST 12
UAB117_W9D6,mgCST 10
UAB119_W1D7,mgCST 3
UAB119_W3D7,mgCST 3
UAB119_W5D7,mgCST 3
UAB119_W7D7,mgCST 3
UAB119_W9D7,mgCST 3
UAB122_W1D7,mgCST 1
UAB122_W3D4,mgCST 23
UAB122_W4D7,mgCST 10
UAB122_W6D5,mgCST 1
UAB122_W9D6,mgCST 10
UAB129_W10D2,mgCST 11
UAB129_W1D7,mgCST 26
UAB129_W3D3,mgCST 10
UAB129_W5D7,mgCST 26
UAB129_W7D7,mgCST 26
UAB002_W1D5,mgCST 24
UAB003_W1D4,mgCST 2
UAB003_W1D7,mgCST 24
UAB003_W2D5,mgCST 27
UAB004_W4D2,mgCST 14
UAB004_W4D5,mgCST 14
UAB005_W1D2,mgCST 14
UAB005_W1D7,mgCST 2
UAB005_W2D4,mgCST 23
UAB007_W2D3,mgCST 17
UAB007_W3D1,mgCST 2
UAB010_W2D5,mgCST 21
UAB011_W4D3,mgCST 2
UAB011_W5D1,mgCST 2
UAB011_W5D6,mgCST 14
UAB013_W5D2,mgCST 8
UAB013_W5D7,mgCST 14
UAB014_W1D2,mgCST 20
UAB014_W2D6,mgCST 14
UAB017_W1D5,mgCST 27
UAB017_W2D4,mgCST 14
UAB017_W3D5,mgCST 21
UAB017_W5D1,mgCST 22
UAB022_W1D2,mgCST 20
UAB022_W1D7,mgCST 20
UAB022_W2D5,mgCST 20
UAB023_W3D4,mgCST 14
UAB025_W1D2,mgCST 20
UAB025_W2D6,mgCST 23
UAB026_W3D1,mgCST 15
UAB026_W4D1,mgCST 2
UAB026_W5D3,mgCST 2
UAB030_W2D2,mgCST 2
UAB030_W2D7,mgCST 2
UAB030_W3D4,mgCST 2
UAB030_W4D2,mgCST 2
UAB002_W8D3,mgCST 24
UAB002_W9D1,mgCST 14
UAB002_W10D5,mgCST 24
UAB003_W8D7,mgCST 14
UAB005_W9D4,mgCST 22
UAB005_W10D4,mgCST 14
UAB006_W6D3,mgCST 17
UAB031_W1D2,mgCST 8
UAB031_W2D6,mgCST 14
UAB040_W7D3,mgCST 24
UAB040_W8D4,mgCST 20
UAB040_W9D4,mgCST 20
UAB017_W6D1,mgCST 20
UAB017_W8D4,mgCST 20
UAB023_W6D3,mgCST 2
UAB023_W7D3,mgCST 2
UAB026_W6D5,mgCST 2
UAB041_W3D1,mgCST 24
UAB041_W3D6,mgCST 24
UAB041_W6D4,mgCST 2
UAB042_W1D2,mgCST 2
UAB042_W2D6,mgCST 20
UAB044_W3D6,mgCST 20
UAB044_W4D5,mgCST 2
UAB044_W5D4,mgCST 2
UAB046_W2D6,mgCST 20
UAB047_W2D7,mgCST 20
UAB047_W3D3,mgCST 14
UAB048_W2D5,mgCST 20
UAB049_W2D1,mgCST 20
UAB049_W2D7,mgCST 14
UAB049_W3D5,mgCST 14
UAB050_W6D1,mgCST 24
UAB050_W7D4,mgCST 2
UAB051_W2D1,mgCST 2
UAB051_W3D5,mgCST 2
UAB053_W4D4,mgCST 2
UAB053_W5D3,mgCST 22
UAB053_W7D6,mgCST 14
UAB053_W9D2,mgCST 20
UAB053_W10D6,mgCST 2
UAB055_W1D3,mgCST 14
UAB060_W2D7,mgCST 14
UAB060_W3D5,mgCST 23
UAB060_W5D3,mgCST 23
UAB061_W1D7,mgCST 14
UAB061_W3D7,mgCST 14
UAB065_W2D4,mgCST 2
UAB065_W4D1,mgCST 21
UAB065_W9D2,mgCST 21
UAB065_W9D5,mgCST 20
UAB065_W10D3,mgCST 2
UAB069_W2D1,mgCST 20
UAB069_W3D5,mgCST 14
UAB070_W5D3,mgCST 26
UAB070_W6D1,mgCST 20
UAB070_W6D6,mgCST 20
UAB071_W2D5,mgCST 20
UAB071_W3D3,mgCST 20
UAB071_W4D1,mgCST 24
UAB073_W1D1,mgCST 20
UAB073_W2D5,mgCST 20
UAB077_W9D2,mgCST 24
UAB077_W10D7,mgCST 14
UAB082_W1D5,mgCST 21
UAB082_W2D3,mgCST 21
UAB086_W1D4,mgCST 2
UAB086_W2D2,mgCST 20
UAB086_W2D7,mgCST 21
UAB086_W3D6,mgCST 14
UAB086_W4D4,mgCST 2
UAB087_W2D4,mgCST 24
UAB087_W3D1,mgCST 14
UAB088_W2D5,mgCST 14
UAB090_W2D5,mgCST 22
UAB091_W4D3,mgCST 14
UAB091_W5D1,mgCST 20
UAB091_W6D2,mgCST 16
UAB092_W6D7,mgCST 8
UAB092_W7D5,mgCST 9
UAB092_W8D3,mgCST 8
UAB094_W1D1,mgCST 8
UAB094_W1D7,mgCST 8
UAB094_W3D3,mgCST 8
UAB094_W5D3,mgCST 8
UAB101_W2D6,mgCST 21
UAB101_W4D2,mgCST 20
UAB102_W2D5,mgCST 20
UAB104_W2D6,mgCST 2
UAB105_W1D2,mgCST 2
UAB105_W1D7,mgCST 2
UAB105_W3D3,mgCST 21
UAB108_W1D1,mgCST 23
UAB108_W1D6,mgCST 23
UAB108_W2D4,mgCST 14
UAB113_W3D7,mgCST 14
UAB113_W4D5,mgCST 20
UAB115_W3D3,mgCST 20
UAB115_W6D5,mgCST 20
UAB115_W8D3,mgCST 22
UAB115_W9D6,mgCST 22
UAB117_W1D1,mgCST 22
UAB117_W2D5,mgCST 22
UAB119_W2D5,mgCST 14
UAB120_W2D5,mgCST 21
UAB121_W1D5,mgCST 21
UAB121_W2D3,mgCST 24
UAB123_W7D3,mgCST 20
UAB123_W8D1,mgCST 24
UAB123_W8D6,mgCST 24
UAB124_W2D2,mgCST 20
UAB124_W3D1,mgCST 20
UAB124_W3D3,mgCST 22
UAB124_W4D1,mgCST 23
UAB126_W2D5,mgCST 15
UAB127_W6D5,mgCST 20
UAB128_W1D4,mgCST 24
UAB128_W2D4,mgCST 2
UAB128_W3D2,mgCST 2
UAB128_W6D4,mgCST 20
UAB128_W7D1,mgCST 20
UAB129_W2D5,mgCST 14
UAB130_W2D5,mgCST 14
UAB130_W3D2,mgCST 23
UAB130_W3D7,mgCST 24
UAB130_W4D5,mgCST 24
UAB131_W3D1,mgCST 24
UAB131_W3D7,mgCST 2
UAB131_W4D5,mgCST 14
UAB133_W1D1,mgCST 24
UAB133_W2D5,mgCST 24
UAB134_W2D5,mgCST 24
UAB135_W4D7,mgCST 24
UAB135_W5D6,mgCST 24
UAB135_W7D1,mgCST 14
UAB002_W10D4,mgCST 2
UAB002_W8D4,mgCST 2
UAB002_W9D7,mgCST 2
UAB0135_W1D1,mgCST 21
UAB0135_W1D3,mgCST 21
UAB0135_W1D6,mgCST 21
UAB0135_W2D2,mgCST 21
UAB0135_W2D4,mgCST 21
UAB0135_W2D6,mgCST 21
UAB053_W1D2,mgCST 20
UAB053_W1D6,mgCST 20
UAB053_W3D6,mgCST 20
UAB053_W3D7,mgCST 20
UAB061_W2D3,mgCST 20
UAB061_W2D6,mgCST 20
UAB061_W3D1,mgCST 20
UAB061_W3D4,mgCST 20
UAB061_W3D6,mgCST 20
UAB065_W2D5,mgCST 14
UAB065_W3D3,mgCST 19
UAB065_W3D5,mgCST 23
UAB065_W3D7,mgCST 22
UAB065_W4D2,mgCST 14
UAB003_W8D2,mgCST 24
UAB035_W1D7,mgCST 17
UAB047_W2D3,mgCST 17
UAB055_W2D6,mgCST 22
UAB057_W1D1,mgCST 14
UAB057_W2D1,mgCST 17
UAB101_W3D4,mgCST 24
UAB105_W2D6,mgCST 24
UAB108_W1D4,mgCST 20
UAB119_W1D1,mgCST 2
UAB126_W1D1,mgCST 2
UAB127_W5D2,mgCST 14
UAB127_W5D6,mgCST 2
UAB129_W1D1,mgCST 26
UAB134_W1D1,mgCST 2
UAB004_W3D7,mgCST 14
UAB006_W5D1,mgCST 19
UAB007_W3D7,mgCST 10
UAB014_W2D6.1,mgCST 2
UAB015_W5D5,mgCST 21
UAB023_W5D1,mgCST 20
UAB003_W6D3,mgCST 21
UAB003_W6D5,mgCST 21
UAB013_W6D5,mgCST 20
UAB042_W1D3,mgCST 25
UAB047_W1D5,mgCST 27
UAB047_W4D1,mgCST 2
UAB053_W3D5,mgCST 20
UAB062_W3D1,mgCST 21
UAB062_W3D6,mgCST 20
UAB065_W4D2.1,mgCST 14
UAB077_W5D2,mgCST 24
UAB077_W6D4,mgCST 24
UAB077_W7D1,mgCST 24
UAB082_W1D1,mgCST 24
UAB088_W1D1,mgCST 23
UAB090_W1D2,mgCST 2
UAB094_W6D3,mgCST 2
UAB102_W1D1,mgCST 2
UAB104_W1D2,mgCST 14
UAB116_W1D1,mgCST 20
UAB116_W2D5,mgCST 20
UAB119_W2D5.1,mgCST 23
UAB121_W3D1,mgCST 21
UAB127_W4D3,mgCST 24
UAB128_W5D1,mgCST 14
UAB135_W3D7,mgCST 21
1061301149,mgCST 3
1061301189,mgCST 3
1061301229,mgCST 3
1061301269,mgCST 3
1061301329,mgCST 3
1062101149,mgCST 25
1062101189,mgCST 25
1062101239,mgCST 25
1062101299,mgCST 25
1062101359,mgCST 25
1062501159,mgCST 10
1062501199,mgCST 10
1062501239,mgCST 10
1062501279,mgCST 10
1062501369,mgCST 1
1063201159,mgCST 4
1063201209,mgCST 4
1063201249,mgCST 4
1063201329,mgCST 4
1063201369,mgCST 4
2009001159,mgCST 9
2009001209,mgCST 9
2009001269,mgCST 9
2009001309,mgCST 9
2009001379,mgCST 9
4003901219,mgCST 7
4003901259,mgCST 7
4003901309,mgCST 10
4003901359,mgCST 26
4003901409,mgCST 27
4004001199,mgCST 1
4004001239,mgCST 1
4004001279,mgCST 1
4004001329,mgCST 10
4004001379,mgCST 26
4005701209,mgCST 7
4005701249,mgCST 10
4005701299,mgCST 7
4005701349,mgCST 7
4005701389,mgCST 7
4006201179,mgCST 23
4006201229,mgCST 23
4006201279,mgCST 23
4006201329,mgCST 11
4006201399,mgCST 23
4007601189,mgCST 16
4007601239,mgCST 16
4007601259,mgCST 16
4007601279,mgCST 16
4007601359,mgCST 1
4007801189,mgCST 10
4007801239,mgCST 10
4007801279,mgCST 10
4007801309,mgCST 10
4007801349,mgCST 10
4008301179,mgCST 16
4008301189,mgCST 1
4008301219,mgCST 12
4008301269,mgCST 3
4008301279,mgCST 3
4008501209,mgCST 23
4008501249,mgCST 20
4008501299,mgCST 20
4008501339,mgCST 20
4008501389,mgCST 1
4008701169,mgCST 20
4008701229,mgCST 11
4008701279,mgCST 3
4008701329,mgCST 1
4008701379,mgCST 1
4008801239,mgCST 1
4008801259,mgCST 1
4008801269,mgCST 23
4008801279,mgCST 10
4008801299,mgCST 4
4010001169,mgCST 1
4010001229,mgCST 1
4010001279,mgCST 1
4010001319,mgCST 1
4010001379,mgCST 27
MG_1050901179,mgCST 23
MG_1050901209,mgCST 23
MG_1050901239,mgCST 23
MG_1050901289,mgCST 23
MG_1050901329,mgCST 23
MG_1060901199,mgCST 16
MG_1060901239,mgCST 4
MG_1060901269,mgCST 4
MG_1060901339,mgCST 4
MG_1062201159,mgCST 10
MG_1062201199,mgCST 10
MG_1062201239,mgCST 10
MG_1062201329,mgCST 10
MG_1062201379,mgCST 10
MG_1063001159,mgCST 10
MG_1063001239,mgCST 10
MG_1063001279,mgCST 10
MG_1063001329,mgCST 10
MG_1063001369,mgCST 10
MG_1063101119,mgCST 16
MG_1063101199,mgCST 16
MG_1063101279,mgCST 16
MG_1063101369,mgCST 16
MG_1063601119,mgCST 10
MG_1063601179,mgCST 10
MG_1063601319,mgCST 16
MG_1063601359,mgCST 16
MG_4001201139,mgCST 22
MG_4001201189,mgCST 10
MG_4001201299,mgCST 20
MG_4001701169,mgCST 10
MG_4001701289,mgCST 20
MG_4003101299,mgCST 1
MG_4003101359,mgCST 4
MG_4004101369,mgCST 20
MG_4005501299,mgCST 10
MG_4005501399,mgCST 24
MG_4006001189,mgCST 23
MG_4006001209,mgCST 24
MG_4006001239,mgCST 24
MG_4006001379,mgCST 20
MG_4006301189,mgCST 11
MG_4006301229,mgCST 11
MG_4006301259,mgCST 23
MG_4006301339,mgCST 3
MG_4006701249,mgCST 10
MG_4006801179,mgCST 4
MG_4006801249,mgCST 4
MG_4006801269,mgCST 16
MG_4006801319,mgCST 4
MG_4006801359,mgCST 4
MG_4007701189,mgCST 20
MG_4007701229,mgCST 20
MG_4008001179,mgCST 26
MG_4008001269,mgCST 20
MG_4008001369,mgCST 10
MG_4008201229,mgCST 22
MG_4008201299,mgCST 22
MG_4008201359,mgCST 13
MG_4008201389,mgCST 23
MG_4008901169,mgCST 20
MG_4008901219,mgCST 20
MG_4008901269,mgCST 10
MG_4009001179,mgCST 24
MG_4009001219,mgCST 10
MG_4009001259,mgCST 24
MG_4009901279,mgCST 16
MG_4009901309,mgCST 16
MG_4009901339,mgCST 16
MG_4009901359,mgCST 16
MG_4010101169,mgCST 4
MG_4010101219,mgCST 4
MG_4010101259,mgCST 4
MG_4010101289,mgCST 4
MG_4010101319,mgCST 4
MG_4905201399,mgCST 20
MG_4907301169,mgCST 16
MG_4907301219,mgCST 16
MG_4907301259,mgCST 27
MG_4907301309,mgCST 9
MG_4907301369,mgCST 9
MG_FB04014209,mgCST 27
